{
    "created_at": "2026-07-10 12:27:09",
    "samples": 102,
    "baseline": {
        "neck_angle": 154.5330463316779,
        "back_angle": 175.77219760141625,
        "shoulder_tilt": -0.008579560608816943,
        "head_offset": 0.15608065516044253
    }
}