{
    "created_at": "2026-07-09 18:08:02",
    "samples": 95,
    "baseline": {
        "neck_angle": 151.13573581140014,
        "back_angle": 174.8049013564898,
        "shoulder_tilt": -0.003165703070791144,
        "head_offset": 0.1831494783100329
    }
}